[
  {
    "id": 1,
    "stateAbbr": "AL",
    "stateName": "Alabama",
    "stateSalesTaxRate": 0.04,
    "stateSalesTaxRateRank": 40,
    "avgLocalSalesTaxRate": 0.051,
    "combinedStateLocalSalesTaxRate": 0.091,
    "combinedStateLocalSalesTaxRateRank": 5
  },
  {
    "id": 2,
    "stateAbbr": "AK",
    "stateName": "Alaska",
    "stateSalesTaxRate": "--",
    "stateSalesTaxRateRank": 46,
    "avgLocalSalesTaxRate": 0.0176,
    "combinedStateLocalSalesTaxRate": 0.0176,
    "combinedStateLocalSalesTaxRateRank": 46
  },
  {
    "id": 4,
    "stateAbbr": "AZ",
    "stateName": "Arizona",
    "stateSalesTaxRate": 0.056,
    "stateSalesTaxRateRank": 28,
    "avgLocalSalesTaxRate": 0.0273,
    "combinedStateLocalSalesTaxRate": 0.0833,
    "combinedStateLocalSalesTaxRateRank": 11
  },
  {
    "id": 5,
    "stateAbbr": "AR",
    "stateName": "Arkansas",
    "stateSalesTaxRate": 0.065,
    "stateSalesTaxRateRank": 9,
    "avgLocalSalesTaxRate": 0.0291,
    "combinedStateLocalSalesTaxRate": 0.0941,
    "combinedStateLocalSalesTaxRateRank": 3
  },
  {
    "id": 6,
    "stateAbbr": "CA",
    "stateName": "California",
    "stateSalesTaxRate": 0.0725,
    "stateSalesTaxRateRank": 1,
    "avgLocalSalesTaxRate": 0.0129,
    "combinedStateLocalSalesTaxRate": 0.0854,
    "combinedStateLocalSalesTaxRateRank": 9
  },
  {
    "id": 8,
    "stateAbbr": "CO",
    "stateName": "Colorado",
    "stateSalesTaxRate": 0.029,
    "stateSalesTaxRateRank": 45,
    "avgLocalSalesTaxRate": 0.0462,
    "combinedStateLocalSalesTaxRate": 0.0752,
    "combinedStateLocalSalesTaxRateRank": 16
  },
  {
    "id": 9,
    "stateAbbr": "CT",
    "stateName": "Connecticut",
    "stateSalesTaxRate": 0.0635,
    "stateSalesTaxRateRank": 12,
    "avgLocalSalesTaxRate": "--",
    "combinedStateLocalSalesTaxRate": 0.0635,
    "combinedStateLocalSalesTaxRateRank": 33
  },
  {
    "id": 10,
    "stateAbbr": "DE",
    "stateName": "Delaware",
    "stateSalesTaxRate": "--",
    "stateSalesTaxRateRank": 46,
    "avgLocalSalesTaxRate": "--",
    "combinedStateLocalSalesTaxRate": "--",
    "combinedStateLocalSalesTaxRateRank": 47
  },
  {
    "id": 11,
    "stateAbbr": "DC",
    "stateName": "District of Columbia",
    "stateSalesTaxRate": 0.0575,
    "stateSalesTaxRateRank": "27*",
    "avgLocalSalesTaxRate": "--",
    "combinedStateLocalSalesTaxRate": 0.0575,
    "combinedStateLocalSalesTaxRateRank": "41*"
  },
  {
    "id": 12,
    "stateAbbr": "FL",
    "stateName": "Florida",
    "stateSalesTaxRate": 0.06,
    "stateSalesTaxRateRank": 16,
    "avgLocalSalesTaxRate": 0.008,
    "combinedStateLocalSalesTaxRate": 0.068,
    "combinedStateLocalSalesTaxRateRank": 28
  },
  {
    "id": 13,
    "stateAbbr": "GA",
    "stateName": "Georgia",
    "stateSalesTaxRate": 0.04,
    "stateSalesTaxRateRank": 40,
    "avgLocalSalesTaxRate": 0.0315,
    "combinedStateLocalSalesTaxRate": 0.0715,
    "combinedStateLocalSalesTaxRateRank": 20
  },
  {
    "id": 15,
    "stateAbbr": "HI",
    "stateName": "Hawaii",
    "stateSalesTaxRate": 0.04,
    "stateSalesTaxRateRank": 40,
    "avgLocalSalesTaxRate": 0.0035,
    "combinedStateLocalSalesTaxRate": 0.0435,
    "combinedStateLocalSalesTaxRateRank": 45
  },
  {
    "id": 16,
    "stateAbbr": "ID",
    "stateName": "Idaho",
    "stateSalesTaxRate": 0.06,
    "stateSalesTaxRateRank": 16,
    "avgLocalSalesTaxRate": 0.0003,
    "combinedStateLocalSalesTaxRate": 0.0603,
    "combinedStateLocalSalesTaxRateRank": 37
  },
  {
    "id": 17,
    "stateAbbr": "IL",
    "stateName": "Illinois",
    "stateSalesTaxRate": 0.0625,
    "stateSalesTaxRateRank": 13,
    "avgLocalSalesTaxRate": 0.0245,
    "combinedStateLocalSalesTaxRate": 0.087,
    "combinedStateLocalSalesTaxRateRank": 7
  },
  {
    "id": 18,
    "stateAbbr": "IN",
    "stateName": "Indiana",
    "stateSalesTaxRate": 0.07,
    "stateSalesTaxRateRank": 2,
    "avgLocalSalesTaxRate": "--",
    "combinedStateLocalSalesTaxRate": 0.07,
    "combinedStateLocalSalesTaxRateRank": 22
  },
  {
    "id": 19,
    "stateAbbr": "IA",
    "stateName": "Iowa",
    "stateSalesTaxRate": 0.06,
    "stateSalesTaxRateRank": 16,
    "avgLocalSalesTaxRate": 0.008,
    "combinedStateLocalSalesTaxRate": 0.068,
    "combinedStateLocalSalesTaxRateRank": 27
  },
  {
    "id": 20,
    "stateAbbr": "KS",
    "stateName": "Kansas",
    "stateSalesTaxRate": 0.065,
    "stateSalesTaxRateRank": 9,
    "avgLocalSalesTaxRate": 0.0218,
    "combinedStateLocalSalesTaxRate": 0.0868,
    "combinedStateLocalSalesTaxRateRank": 8
  },
  {
    "id": 21,
    "stateAbbr": "KY",
    "stateName": "Kentucky",
    "stateSalesTaxRate": 0.06,
    "stateSalesTaxRateRank": 16,
    "avgLocalSalesTaxRate": "--",
    "combinedStateLocalSalesTaxRate": 0.06,
    "combinedStateLocalSalesTaxRateRank": 38
  },
  {
    "id": 22,
    "stateAbbr": "LA",
    "stateName": "Louisiana",
    "stateSalesTaxRate": 0.05,
    "stateSalesTaxRateRank": 33,
    "avgLocalSalesTaxRate": 0.0502,
    "combinedStateLocalSalesTaxRate": 0.1002,
    "combinedStateLocalSalesTaxRateRank": 1
  },
  {
    "id": 23,
    "stateAbbr": "ME",
    "stateName": "Maine",
    "stateSalesTaxRate": 0.055,
    "stateSalesTaxRateRank": 29,
    "avgLocalSalesTaxRate": "--",
    "combinedStateLocalSalesTaxRate": 0.055,
    "combinedStateLocalSalesTaxRateRank": 42
  },
  {
    "id": 24,
    "stateAbbr": "MD",
    "stateName": "Maryland",
    "stateSalesTaxRate": 0.06,
    "stateSalesTaxRateRank": 16,
    "avgLocalSalesTaxRate": "--",
    "combinedStateLocalSalesTaxRate": 0.06,
    "combinedStateLocalSalesTaxRateRank": 38
  },
  {
    "id": 25,
    "stateAbbr": "MA",
    "stateName": "Massachusetts",
    "stateSalesTaxRate": 0.0625,
    "stateSalesTaxRateRank": 13,
    "avgLocalSalesTaxRate": "--",
    "combinedStateLocalSalesTaxRate": 0.0625,
    "combinedStateLocalSalesTaxRateRank": 35
  },
  {
    "id": 26,
    "stateAbbr": "MI",
    "stateName": "Michigan",
    "stateSalesTaxRate": 0.06,
    "stateSalesTaxRateRank": 16,
    "avgLocalSalesTaxRate": "--",
    "combinedStateLocalSalesTaxRate": 0.06,
    "combinedStateLocalSalesTaxRateRank": 38
  },
  {
    "id": 27,
    "stateAbbr": "MN",
    "stateName": "Minnesota",
    "stateSalesTaxRate": 0.06875,
    "stateSalesTaxRateRank": 6,
    "avgLocalSalesTaxRate": 0.0055,
    "combinedStateLocalSalesTaxRate": 0.0742,
    "combinedStateLocalSalesTaxRateRank": 17
  },
  {
    "id": 28,
    "stateAbbr": "MS",
    "stateName": "Mississippi",
    "stateSalesTaxRate": 0.07,
    "stateSalesTaxRateRank": 2,
    "avgLocalSalesTaxRate": 0.0007,
    "combinedStateLocalSalesTaxRate": 0.0707,
    "combinedStateLocalSalesTaxRateRank": 21
  },
  {
    "id": 29,
    "stateAbbr": "MO",
    "stateName": "Missouri",
    "stateSalesTaxRate": 0.04225,
    "stateSalesTaxRateRank": 39,
    "avgLocalSalesTaxRate": 0.038,
    "combinedStateLocalSalesTaxRate": 0.0803,
    "combinedStateLocalSalesTaxRateRank": 14
  },
  {
    "id": 30,
    "stateAbbr": "MT",
    "stateName": "Montana",
    "stateSalesTaxRate": "--",
    "stateSalesTaxRateRank": 46,
    "avgLocalSalesTaxRate": "--",
    "combinedStateLocalSalesTaxRate": "--",
    "combinedStateLocalSalesTaxRateRank": 47
  },
  {
    "id": 31,
    "stateAbbr": "NE",
    "stateName": "Nebraska",
    "stateSalesTaxRate": 0.055,
    "stateSalesTaxRateRank": 29,
    "avgLocalSalesTaxRate": 0.0139,
    "combinedStateLocalSalesTaxRate": 0.0689,
    "combinedStateLocalSalesTaxRateRank": 25
  },
  {
    "id": 32,
    "stateAbbr": "NV",
    "stateName": "Nevada",
    "stateSalesTaxRate": 0.0685,
    "stateSalesTaxRateRank": 7,
    "avgLocalSalesTaxRate": 0.0129,
    "combinedStateLocalSalesTaxRate": 0.0814,
    "combinedStateLocalSalesTaxRateRank": 13
  },
  {
    "id": 33,
    "stateAbbr": "NH",
    "stateName": "New Hampshire",
    "stateSalesTaxRate": "--",
    "stateSalesTaxRateRank": 46,
    "avgLocalSalesTaxRate": "--",
    "combinedStateLocalSalesTaxRate": "--",
    "combinedStateLocalSalesTaxRateRank": 47
  },
  {
    "id": 34,
    "stateAbbr": "NJ",
    "stateName": "New Jersey",
    "stateSalesTaxRate": 0.06625,
    "stateSalesTaxRateRank": 8,
    "avgLocalSalesTaxRate": -0.0003,
    "combinedStateLocalSalesTaxRate": 0.066,
    "combinedStateLocalSalesTaxRateRank": 30
  },
  {
    "id": 35,
    "stateAbbr": "NM",
    "stateName": "New Mexico",
    "stateSalesTaxRate": 0.05125,
    "stateSalesTaxRateRank": 32,
    "avgLocalSalesTaxRate": 0.0254,
    "combinedStateLocalSalesTaxRate": 0.0766,
    "combinedStateLocalSalesTaxRateRank": 15
  },
  {
    "id": 36,
    "stateAbbr": "NY",
    "stateName": "New York",
    "stateSalesTaxRate": 0.04,
    "stateSalesTaxRateRank": 40,
    "avgLocalSalesTaxRate": 0.0449,
    "combinedStateLocalSalesTaxRate": 0.0849,
    "combinedStateLocalSalesTaxRateRank": 10
  },
  {
    "id": 37,
    "stateAbbr": "NC",
    "stateName": "North Carolina",
    "stateSalesTaxRate": 0.0475,
    "stateSalesTaxRateRank": 36,
    "avgLocalSalesTaxRate": 0.022,
    "combinedStateLocalSalesTaxRate": 0.0695,
    "combinedStateLocalSalesTaxRateRank": 24
  },
  {
    "id": 38,
    "stateAbbr": "ND",
    "stateName": "North Dakota",
    "stateSalesTaxRate": 0.05,
    "stateSalesTaxRateRank": 33,
    "avgLocalSalesTaxRate": 0.018,
    "combinedStateLocalSalesTaxRate": 0.068,
    "combinedStateLocalSalesTaxRateRank": 26
  },
  {
    "id": 39,
    "stateAbbr": "OH",
    "stateName": "Ohio",
    "stateSalesTaxRate": 0.0575,
    "stateSalesTaxRateRank": 27,
    "avgLocalSalesTaxRate": 0.014,
    "combinedStateLocalSalesTaxRate": 0.0715,
    "combinedStateLocalSalesTaxRateRank": 19
  },
  {
    "id": 40,
    "stateAbbr": "OK",
    "stateName": "Oklahoma",
    "stateSalesTaxRate": 0.045,
    "stateSalesTaxRateRank": 37,
    "avgLocalSalesTaxRate": 0.0441,
    "combinedStateLocalSalesTaxRate": 0.0891,
    "combinedStateLocalSalesTaxRateRank": 6
  },
  {
    "id": 41,
    "stateAbbr": "OR",
    "stateName": "Oregon",
    "stateSalesTaxRate": "--",
    "stateSalesTaxRateRank": 46,
    "avgLocalSalesTaxRate": "--",
    "combinedStateLocalSalesTaxRate": "--",
    "combinedStateLocalSalesTaxRateRank": 47
  },
  {
    "id": 42,
    "stateAbbr": "PA",
    "stateName": "Pennsylvania",
    "stateSalesTaxRate": 0.06,
    "stateSalesTaxRateRank": 16,
    "avgLocalSalesTaxRate": 0.0034,
    "combinedStateLocalSalesTaxRate": 0.0634,
    "combinedStateLocalSalesTaxRateRank": 34
  },
  {
    "id": 44,
    "stateAbbr": "RI",
    "stateName": "Rhode Island",
    "stateSalesTaxRate": 0.07,
    "stateSalesTaxRateRank": 2,
    "avgLocalSalesTaxRate": "--",
    "combinedStateLocalSalesTaxRate": 0.07,
    "combinedStateLocalSalesTaxRateRank": 22
  },
  {
    "id": 45,
    "stateAbbr": "SC",
    "stateName": "South Carolina",
    "stateSalesTaxRate": 0.06,
    "stateSalesTaxRateRank": 16,
    "avgLocalSalesTaxRate": 0.0137,
    "combinedStateLocalSalesTaxRate": 0.0737,
    "combinedStateLocalSalesTaxRateRank": 18
  },
  {
    "id": 46,
    "stateAbbr": "SD",
    "stateName": "South Dakota",
    "stateSalesTaxRate": 0.045,
    "stateSalesTaxRateRank": 37,
    "avgLocalSalesTaxRate": 0.019,
    "combinedStateLocalSalesTaxRate": 0.064,
    "combinedStateLocalSalesTaxRateRank": 31
  },
  {
    "id": 47,
    "stateAbbr": "TN",
    "stateName": "Tennessee",
    "stateSalesTaxRate": 0.07,
    "stateSalesTaxRateRank": 2,
    "avgLocalSalesTaxRate": 0.0246,
    "combinedStateLocalSalesTaxRate": 0.0946,
    "combinedStateLocalSalesTaxRateRank": 2
  },
  {
    "id": 48,
    "stateAbbr": "TX",
    "stateName": "Texas",
    "stateSalesTaxRate": 0.0625,
    "stateSalesTaxRateRank": 13,
    "avgLocalSalesTaxRate": 0.0192,
    "combinedStateLocalSalesTaxRate": 0.0817,
    "combinedStateLocalSalesTaxRateRank": 12
  },
  {
    "id": 49,
    "stateAbbr": "UT",
    "stateName": "Utah",
    "stateSalesTaxRate": 0.0595,
    "stateSalesTaxRateRank": 26,
    "avgLocalSalesTaxRate": 0.0082,
    "combinedStateLocalSalesTaxRate": 0.0677,
    "combinedStateLocalSalesTaxRateRank": 29
  },
  {
    "id": 50,
    "stateAbbr": "VT",
    "stateName": "Vermont",
    "stateSalesTaxRate": 0.06,
    "stateSalesTaxRateRank": 16,
    "avgLocalSalesTaxRate": 0.0018,
    "combinedStateLocalSalesTaxRate": 0.0618,
    "combinedStateLocalSalesTaxRateRank": 36
  },
  {
    "id": 51,
    "stateAbbr": "VA",
    "stateName": "Virginia",
    "stateSalesTaxRate": 0.053,
    "stateSalesTaxRateRank": 31,
    "avgLocalSalesTaxRate": 0.0033,
    "combinedStateLocalSalesTaxRate": 0.0563,
    "combinedStateLocalSalesTaxRateRank": 41
  },
  {
    "id": 53,
    "stateAbbr": "WA",
    "stateName": "Washington",
    "stateSalesTaxRate": 0.065,
    "stateSalesTaxRateRank": 9,
    "avgLocalSalesTaxRate": 0.0268,
    "combinedStateLocalSalesTaxRate": 0.0918,
    "combinedStateLocalSalesTaxRateRank": 4
  },
  {
    "id": 54,
    "stateAbbr": "WV",
    "stateName": "West Virginia",
    "stateSalesTaxRate": 0.06,
    "stateSalesTaxRateRank": 16,
    "avgLocalSalesTaxRate": 0.0037,
    "combinedStateLocalSalesTaxRate": 0.0637,
    "combinedStateLocalSalesTaxRateRank": 32
  },
  {
    "id": 55,
    "stateAbbr": "WI",
    "stateName": "Wisconsin",
    "stateSalesTaxRate": 0.05,
    "stateSalesTaxRateRank": 33,
    "avgLocalSalesTaxRate": 0.0042,
    "combinedStateLocalSalesTaxRate": 0.0542,
    "combinedStateLocalSalesTaxRateRank": 44
  },
  {
    "id": 56,
    "stateAbbr": "WY",
    "stateName": "Wyoming",
    "stateSalesTaxRate": 0.04,
    "stateSalesTaxRateRank": 40,
    "avgLocalSalesTaxRate": 0.0146,
    "combinedStateLocalSalesTaxRate": 0.0546,
    "combinedStateLocalSalesTaxRateRank": 43
  }
]